DISTRICT_ID,DISTRICTNAME_AR,DISTRICTNAME_EN,REGION_ID,CITY_ID
108001041,الياسمين,Al Yasmin,1,108001
118001022,العثمانية,Al Uthmaniyah,1,118001
504001056,غرب النابية,Gharb An Nabiyah,5,504001
122222019,الأندلس,Al Andalus,1,122222
122222020,ام طلحة,Umm Talha,1,122222
103183006,مخطط رقم 32,Subdivision No. 32,1,103183
101004012,الواحة,Al Wahah,1,101004
121001021,السليمانية,As Sulaymaniyah,1,121001
117001017,الخزيمي,Al Khuzimi,1,117001
107001023,غصيبة,Ghusaiba,1,107001
107001024,الصالحية,As Salhiyah,1,107001
107001025,العزيزية,Al Aziziyah,1,107001
107017017,أم سريحة,Umm Sariha,1,107017
118001012,الجنوبي,Al Janubi,1,118001
105131004,النزهة,An Nuzhah,1,105131
117001027,حي ج10,Dst C10,1,117001
105073022,الربوة,Ar Rabwah,1,105073
120013003,الصناعية,Industrial,1,120013
117001028,حي ج12,Dst C12,1,117001
120013004,الديرة القديمة,Ad Dirah Al Qadimah,1,120013
400001022,الزيتونة,Al Zaytunah,4,400001
100001156,السدرة,Al Sidrah,1,100001
100001157,شبرا,Shubra,1,100001
100001158,الصالحية,As Salhiyah,1,100001
100001160,صياح,Siyah,1,100001
100001161,العمل,Al Amal,1,100001
100001162,المؤتمرات,Al Mutamarat,1,100001
100001163,العريجاء الأوسط,Middle Al Uraija,1,100001
100001164,الزهور,Al Zuhur,1,100001
100001165,التضامن,Al Tadamun,1,100001
100001166,المهدية,Al Mahdiyah,1,100001
109018008,مخطط رقم 456,Subdivision No. 456,1,109018
108001035,الفردوس,Al Ferdous,1,108001
105190003,مخطط رقم 0941,Subdivision No. 0941,1,105190
105190004,مخطط رقم 0824,Subdivision No. 0824,1,105190
109018009,مخطط رقم 126,Subdivision No. 126,1,109018
104001027,الملك عبدالله,King Abdullah,1,104001
122002033,الشعيفان,Al Shaaifan,1,122002
400001108,الغدير,Al Ghadir,4,400001
100001194,خشم العان,Khashm Al An,1,100001
100001195,هيت,Hyt,1,100001
122222014,الضبية,Al Dabih,1,122222
608008015,قرطبة,Qurtubah,6,608008
100001167,البرية,Al Bariyah,1,100001
101001007,السرحية,Al Sarhiyah,1,101001
101001008,الملقا,Al Malqa,1,101001
103023007,الورود,Al Wurud,1,103023
106001024,الخماسين الجنوبي,Southern Fifties,1,106001
103023008,الأندلس,Al Andalus,1,103023
106001025,آل ناهش,Al Nahsh,1,106001
100001133,أم الحمام الشرقي,Umm Al Hamam Eastern,1,100001
100001134,مغرزات,Al Mughrazat,1,100001
100001135,الملك عبدالعزيز,King Abdulaziz,1,100001
100001136,المروج,Al Muruj,1,100001
100001137,طويق,Tuwaiq,1,100001
100001138,الرحاب,Ar Rehab,1,100001
120001037,الملك سلمان,King Salman,1,120001
110001030,النخيل,Al Nakhil,1,110001
122222015,ال فهد,Al Fahd,1,122222
103183005,مخطط رقم 18,Subdivision No. 18,1,103183
119001015,حي 1156,Dst 1156,1,119001
121001015,مخطط 555,Subdivision 555,1,121001
105001036,العمدة,Al Umda,1,105001
105001037,صناعية مزعل,Sinaiyah Mazal,1,105001
105001038,الصناعية,Industrial,1,105001
118001015,رميثان,Rumaythan,1,118001
104007012,المصيف,Al Masif,1,104007
117001029,حي ج15,Dst C15,1,117001
122002039,الهفوف,Al Hafuf,1,122002
107017020,الفحيل,Al Fahil,1,107017
107017021,الإزدهار,Al Izdihar,1,107017
106001026,آل معني,Al Maeni,1,106001
121001020,مخطط 1149,Subdivision 1149,1,121001
111001033,مخطط 293,Subdivision 293,1,111001
111001034,مخطط 352,Subdivision 352,1,111001
111126001,مخطط منيفة,Munifa Subdivision,1,111126
105001044,الجفونية,Al Jaffuniyyah,1,105001
105001045,الزهور,Al Zuhur,1,105001
109001028,مركز خدمات الطرق,Organizing the site of the Road Services Complex Center,1,109001
115001017,الزهور,Al Zuhur,1,115001
110015002,مخطط رقم 522,Subdivision No. 522,1,110015
110001031,الياسمين,Al Yasmin,1,110001
110001032,زبدة,Zubada,1,110001
100001171,جامعة الملك سعود,King Saud University,1,100001
103426007,مخطط رقم 24,Subdivision No. 24,1,103426
110012002,مخطط آل سلطان,Subdivision Al Sultan,1,110012
120001035,مانح,Manih,1,120001
104007009,سلطانة,Sultanah,1,104007
108001032,الربوة,Ar Rabwah,1,108001
122002027,الفردوس,Al Ferdous,1,122002
109018006,مخطط رقم 956,Subdivision No. 956,1,109018
100001020,أم الشعال,Umm Al Shaeal,1,100001
608008003,الشهداء,Ashuhada,6,608008
104006015,اليمامة,Al Yamamah,1,104006
115001018,الواحة,Al Wahah,1,115001
105073017,الفلاح,Al Falah,1,105073
107001021,الملك فهد,King Fahd,1,107001
107024013,ال دحيم,Al Dahim,1,107024
100001168,النظيم,An Nadheem,1,100001
100001169,ضاحية نمار,Dahiyat Namar,1,100001
100001170,عريض,Oraid,1,100001
106001031,الولامين,Al Walamin,1,106001
111001027,الجزيرة,Al Jazirah,1,111001
117001018,حي ج6,Dst C6,1,117001
109001021,الربيع,Ar Rabie,1,109001
109001022,الملك عبدالله,King Abdullah,1,109001
109001023,منطقة المخزون التشغيلي البترولية,Organizing the location of the operational stock of petroleum products,1,109001
104001023,الملك فهد,King Fahd,1,104001
100001196,المصفاة,Al Misfat,1,100001
100001197,الرابية,Ar Rabiyah,1,100001
106001037,المقابل,Al Muqabil,1,106001
106001038,المستشفى,The Hospital,1,106001
112001006,الديرة,Ad Dirah,1,112001
301001056,الازهار,Al Azhar,3,301001
104005010,الشعيبة,Al Shueayba,1,104005
104006011,الشفاء,Ash Shifa,1,104006
101004007,سلام,Salam,1,101004
101004008,الوصيل,Al Wasil,1,101004
109018010,مخطط رقم 571,Subdivision No. 571,1,109018
119001018,البستان,Al Bustan,1,119001
109001026,الغدير,Al Ghadir,1,109001
118001020,الخثلان,Al Khathlan,1,118001
122222018,الحمراء,Al Hamra,1,122222
122002030,الملك فيصل,King Faisal ,1,122002
107029009,مخطط 679,Subdivision 679,1,107029
100001174,الناصرية,An Nasriyah,1,100001
100001180,الشرفية,Ash Sharafiyah,1,100001
109001024,منطقة التعبئة المياة,Organizing a water bottling site on government land in Shaqra,1,109001
107017022,الطرف,Al Taraf,1,107017
103183003,مخطط رقم 30,Subdivision No. 30,1,103183
103183002,مخطط رقم 242,Subdivision No. 242,1,103183
103183001,مخطط رقم 214,Subdivision No. 214,1,103183
114001013,مشيرفة,Mishyrifah,1,114001
110001019,السلام,As Salam,1,110001
110001020,الصدر,Al Sadr,1,110001
109018007,مخطط رقم 333,Subdivision No. 333,1,109018
122002035,الغريبية,Al Gharibia,1,122002
122002036,النقيعه,Al Naqieuh,1,122002
120001038,الغدير,Al Ghadir,1,120001
104005008,السمرية,Al Suwmaria,1,104005
104006008,الخفية,Al Khafia,1,104006
118001011,وسط المدينة,City Center,1,118001
106001027,القيروان,Al Qirawan,1,106001
700001035,مطار الأمير سلطان بن عبدالعزيز الدولى,Prince Sultan bin Abdulaziz International Airport,7,700001
300001082,الغراء,Al Gharaa,3,300001
300001061,الرمانة,Ar Rumanah,3,300001
300001098,التلعة,Al Taliea,3,300001
300001021,الغابة,Al Ghabah,3,300001
300001090,القبلتين,Al Qiblatayn,3,300001
409001011,النهضة,An Nahdah,4,409001
409001018,الحزم,Al Hazm,4,409001
409001001,الربوة,Ar Rabwah,4,409001
409001007,النزهة,An Nuzhah,4,409001
409001005,اليرموك,Al Yarmuk,4,409001
409001006,الجزيرة,Al Jazirah,4,409001
401001004,الفيحاء,Al Fayha,4,401001
300001038,الحرم ,Al Haram,3,300001
401001024,الحزم,Al Hazm,4,401001
401001027,حطين,Hittin,4,401001
401001048,الأشرفية,Alashrafia,4,401001
401001054,الحمراء,Al Hamra,4,401001
409001002,طيبة,Taibah,4,409001
409001003,الجامعة,Al Jamiah,4,409001
409001004,أحد,Ohod,4,409001
409001014,الصناعية,Industrial,4,409001
401001034,اليمامة,Al Yamamah,4,401001
401001044,النظيم,An Nadheem,4,401001
401001045,المروة,Al Marwah,4,401001
401001055,اليرموك,Al Yarmuk,4,401001
401001031,الشروق,Ash Shrouk,4,401001
401001032,الصفاء,As Safa,4,401001
401001036,الصناعية,Industrial,4,401001
401001033,الملك فهد,King Fahd,4,401001
401001035,سماح,Samah,4,401001
401001029,المروج,Al Muruj,4,401001
401001056,الجوهرة,Al Jawharah,4,401001
401001021,السليمانية,As Sulaymaniyah,4,401001
401001028,الوفاء,Al Wafa,4,401001
401001042,غرناطة,Ghirnatah,4,401001
401001039,القيروان,Al Qirawan,4,401001
401001050,الملك خالد,King Khalid,4,401001
401001040,الراية,Ar Rayah,4,401001
401001038,الجزيرة,Al Jazirah,4,401001
401001057,الجلدة,Aj Jilda,4,401001
401001030,الجامعي,Al Jamie,4,401001
401001020,النرجس,An Narjis,4,401001
401001023,المنار,Al Manar,4,401001
119001004,الرحاب,Ar Rehab,1,119001
104005007,شراف,Sharaf,1,104005
402001005,اليرموك,Al Yarmuk,4,402001
401001037,البستان,Al Bustan,4,401001
401001001,الرياضي,Sports,4,401001
401001046,الواحة,Al Wahah,4,401001
401001049,الدرة,Al Durra,4,401001
400001115,الأندلس,Al Andalus,4,400001
401001008,العليا,Al Olaya,4,401001
401001022,الصالحية,As Salhiyah,4,401001
102002062,العيون,Al Uyun,1,102002
402001023,الربوة,Ar Rabwah,4,402001
102002070,البرج,Al Burj,1,102002
402001034,الجامعيين,Al Jamiyin,4,402001
402001046,الريان,Ar Rayaan,4,402001
102002084,حي رقم 576,Dst  No.576,1,102002
116001019,اليرموك,Al Yarmuk,1,116001
118001017,المدينة الجديدة,Al Madinah Al Jadidah,1,118001
103001023,الربوة,Ar Rabwah,1,103001
401001026,الشفاء,Ash Shifa,4,401001
401001011,الفاخرية,Al Fakhriyah,4,401001
401001016,السلام,As Salam,4,401001
409001009,الخزان,Al Khazzan,4,409001
409001010,التعاون,At Taawun,4,409001
102002006,النجدية,Al Najdiyyah,1,102002
102002018,الصناعية1,Industrial1,1,102002
104038003,صناعية بعشيرة,Sinaiyah Bieashira,1,104038
102002029,الحمراء,Al Hamra,1,102002
106001036,الحنابجة,Al Hanabija,1,106001
100001178,ظهرة البديعة,Dhahrat Al Badeah,1,100001
118001016,الهدية,Al Hadia,1,118001
409001012,زبيدة,Zubaydah,4,409001
409001015,القدس,Al Quds,4,409001
409001017,النفيد,Al Nafid,4,409001
401001006,الوادي,Al Wadi,4,401001
104005009,الشمالية,Ash Shamaliyah,1,104005
111001025,مخطط 1045,Subdivision 1045,1,111001
103236024,العقيشية,Al Aqishiya,1,103236
105001042,مخطط رقم 995,Subdivision No. 995,1,105001
108001034,قرطبة,Qurtubah,1,108001
401001018,الصفراء,Al Safra,4,401001
401001047,البويطن,Al Buaiten,4,401001
401001041,النور,An Noor,4,401001
409001016,الملك سلمان بن عبد العزيز,King Salman bin Abdulaziz,4,409001
401001003,الريان,Ar Rayaan,4,401001
401001009,وسط المدينة,City Center,4,401001
100001150,الهدا,Al Hada,1,100001
105073019,الريان,Ar Rayaan,1,105073
100001155,الشميسي,Al Shumaisi,1,100001
119001017,الصناعية,Industrial,1,119001
100001154,الفوطة,Al Futah,1,100001
401001013,المعالي,Al Maali,4,401001
401001014,الوهلان,Al Wahlan,4,401001
401001017,الرمال,Ar Rimal,4,401001
401001051,العونية,Al Awniyah,4,401001
401001015,المصيف,Al Masif,4,401001
104005015,مخطط رقم 198,Subdivision No. 198,1,104005
401001012,الحاجب,Al-Hajib,4,401001
401001053,الدوحة,Ad Dawhah,4,401001
401001002,الرايسية,Ar Raaysia,4,401001
401001010,الخالدية,Al Khalidiyah,4,401001
401001005,الروضة,Ar Rawdah,4,401001
401001025,سنام,Sonam,4,401001
401001052,الحفيرة,Al Hufayrah,4,401001
409001013,المصيف,Al Masif,4,409001
409001019,المهندسين,Al Muhandisin,4,409001
401001007,الروابي,Ar Rawabi,4,401001
401001019,الخزامى,Al Khuzama,4,401001
409001008,القادسية,Al Qadisiyah,4,409001
401001043,الرحمانية,Ar Rahmanyah,4,401001
501107009,البدرية,Al Badriyah,5,501107
501107010,بلدة القارة,Al Qara Town,5,501107
501107011,قباء,Quba,5,501107
501107012,الرقيقة,Ar Ruqaiqah,5,501107
501107008,العليا1,Al Olaya1,5,501107
501107013,البستان1,Al Bustan1,5,501107
501107014,قرية العمران الغربية,Qaryat Al Omran West,5,501107
503001032,حي ج9,Dst C9,5,503001
503001018,حي ج13,Dst C13,5,503001
503001019,طيبة,Taibah,5,503001
503001020,التعاون,At Taawun,5,503001
503001033,حي ج8,Dst C8,5,503001
503001034,حي ج10,Dst C10,5,503001
503001017,حي ج11,Dst C11,5,503001
503001021,الجوهرة,Al Jawharah,5,503001
503001022,الصفاة,Al Safat,5,503001
503001023,الربوة,Ar Rabwah,5,503001
503001024,حي ج16,Dst C16,5,503001
503001025,حي ج12,Dst C12,5,503001
503001026,حي 2,Dst 2,5,503001
503001027,حي ج6,Dst C6,5,503001
503001028,حي ج2,Dst 2C,5,503001
503001029,البستان,Al Bustan,5,503001
503001030,حي3,Dst 3,5,503001
503001031,حي 4,Dst 4,5,503001
503001015,حي ج4,Dst C4,5,503001
503001003,حي ج20,Dst C20,5,503001
503001004,حي ج3,Dst C3,5,503001
503001005,حي ج1,Dst C1,5,503001
503001006,حي 6,Dst 6,5,503001
503001007,حي 10,Dst 10,5,503001
503001010,الحمراء,Al Hamra,5,503001
503001011,البحر,Al Bahar,5,503001
503001012,الطوية,Al Tawyah,5,503001
503001013,حي ج19,Dst C19,5,503001
503001014,حي 9,Dst 9,5,503001
503001016,حي 1,Dst 1,5,503001
503001008,المرقاب,Al Merqab,5,503001
503001009,الروضة,Ar Rawdah,5,503001
503001001,الواحة,Al Wahah,5,503001
503001002,الدانة,Ad Danah ,5,503001
503001037,إشبيلية,Ishbiliyah,5,503001
503001038,العزيزية,Al Aziziyah,5,503001
503001039,السلام,As Salam,5,503001
503001040,الخزامى,Al Khuzama,5,503001
503001041,حي ج15,Dst C15,5,503001
503001042,حي ج18,Dst C18,5,503001
503001043,حي5,Dst 5,5,503001
503001044,حي 8,Dst 8,5,503001
503001035,حي ج7,Dst C7,5,503001
503001036,حي ج14,Dst C14,5,503001
503001048,اليرموك,Al Yarmuk,5,503001
503001045,الضباب,Al Dabab,5,503001
503001046,غرناطة,Ghirnatah,5,503001
503001047,قرطبة,Qurtubah,5,503001
503001049,المرجان,Al Murjan,5,503001
503001050,حي 7,Dst 7,5,503001
503001051,حي ج17,Dst C17,5,503001
501107015,السليمانية,As Sulaymaniyah,5,501107
501107016,الأول,Al Awal,5,501107
501107018,المدينة المنورة,Al Madinah Al Munawwarah,5,501107
501107143,محاسن ارامكو الخامس,Mahasin Aramco 5th ,5,501107
501107144,الحزم الشمالي,Al Hazm Al Shimali,5,501107
501107145,بلدة غمسي,Ghomsi Town,5,501107
501107269,المباركية,Al Mubarkiah,5,501107
501107270,اليمامة,Al Yamamah,5,501107
501107271,غرناطة,Ghirnatah,5,501107
501107272,منطقة الغويبة الزراعية,Alghawbia Agricultural Area,5,501107
501107273,الخيام,Al Khiam,5,501107
501107274,الرفيعة,Ar Rafiah,5,501107
501079011,القطار,Al Qitar,5,501079
501107262,المطار,Airport,5,501107
501107146,بلدة الجبيل,Jubail Town,5,501107
501107147,الشروق,Ash Shrouk,5,501107
501107148,السهلة,Al Sahlah,5,501107
501107149,الكلابية,Alkilabia,5,501107
501107150,الرويضة,Ar Ruwaida,5,501107
501107151,البستان,Al Bustan,5,501107
501107153,قرية العمران الشرقية,Qaryat Al Omran East,5,501107
501107154,الزهراء1,Az Zahra1,5,501107
501107275,هجر الثالث,Hajr Al Thalith,5,501107
501107276,بلدة الطرف,Al Taraf Town,5,501107
501107277,بلدة العقار,Al Eaqar Town,5,501107
501107278,القادسية1,Al Qadisiyah1,5,501107
501107279,المزروعية,Al Mazruiyah,5,501107
501107155,المنتزة,Al Muntazah,5,501107
501107158,بدر,Badr,5,501107
501107159,أم خريسان,Umm Khraisan,5,501107
501107160,الواحة,Al Wahah,5,501107
501107186,وسط المبرز التاريخي,Historical Center Al Mubarraz ,5,501107
501107156,مجمع الدوائر الحكومية الثاني,Government Departments Complex 2nd ,5,501107
501107157,الفتح,Al Fath,5,501107
501107161,منسوبي التعليم الثاني,Mansubi Al Taleem 2nd,5,501107
501107162,بلدة الوزية,Al Waziah Town,5,501107
501107163,الصحافة,Al Sahafah,5,501107
501107164,المعلمين,Al Muallimeen ,5,501107
501107165,الحي الأكاديمي,Academic Quarter,5,501107
501107166,بلدة المركز,Al Markaz Town,5,501107
501107167,الحمراء الثالث,Al Hamra 3rd,5,501107
501107168,بلدة المطيرفي,Al-Mutarifi Town,5,501107
501107169,الياسمين,Al Yasmin,5,501107
501107170,البندرية,Al Bandariyah,5,501107
501107174,النعاثل,Al Naeathil,5,501107
501107171,الملك فهد,King Fahd,5,501107
501107175,الجوهرة,Al Jawharah,5,501107
501107176,الصفاء الثالث,As Safa Al Thaalith,5,501107
501107177,النزهة1,An Nuzhah1,5,501107
501107172,الصفاء الرابع,As Safa Al Raabie,5,501107
501107178,الزهرة,Az Zahrah,5,501107
501107179,الراشدية الأول,Ar Rashidyah 1st,5,501107
501107180,السنيدية,As Sunaidah,5,501107
501107181,هجر السابع,Hajar Al Saabie,5,501107
501107077,البساتين1,Al Basatin1,5,501107
501107078,الدوائر الحكومية,Goverment Departments,5,501107
501107079,محاسن ارامكو الأول,Mahasin Aramco 1st,5,501107
501107080,بلدة التويثير,Altwether Town,5,501107
501107081,الشعبة,Al Shuaba,5,501107
501107082,الصقور,As Suqur,5,501107
501107083,الورود الأول,Al Wurud 1st,5,501107
501107084,جامعة الملك فيصل الثاني,King Faisal University 2nd,5,501107
501107085,لذة,Ladhah,5,501107
501107086,بلدة التهيمية,Tahimiya Town,5,501107
501107087,المروج الجنوبي,Al Muruj Al Junubi,5,501107
501107088,التلال,Al Talal,5,501107
501107089,النسيم,Al Naseem,5,501107
501107090,الهدا,Al Hada,5,501107
501107091,هجر الثامن,Hajr Al Thamin,5,501107
501107092,المعامرة,Al Mueamara,5,501107
501107093,الفيصلية الأول,Al Faisaliyah 1st,5,501107
501107094,الرياض الثالث,Ar Riyadh Al Thaalith,5,501107
501107095,الغويبة,Al Ghuwaiba,5,501107
501107096,هجر الثاني عشر,Hajar Al Thani ashar,5,501107
501107097,مدينة التمور,Madinat Al Tumur,5,501107
501107098,بلدة الشهارين,Al Shaharayn Town,5,501107
501107099,هجر الأول,Hajr Al Awal,5,501107
501107100,بلدة المقدام,Al Muqdam Town,5,501107
501107101,قرية الحوطة,Qaryat Al Hawta,5,501107
501079003,بلدة المراح,Al Marah Town,5,501079
501107017,الخزامى,Al Khuzama,5,501107
501107001,السلام الأول,As Salam 1st,5,501107
501107002,الروضة2,Ar Rawdah2,5,501107
501107003,بلدة الجفر,Al Jafr Town,5,501107
501107005,منسوبي التعليم الأول,Mansubi Al Taleem 1st,5,501107
501107006,بلدة الجشة,Al Jishah Town,5,501107
501107007,الورود الثالث,Al Wurud 3rd,5,501107
1206001011,الكادي,Al Kadi,12,1206001
1206001014,النرجس,An Narjis,12,1206001
1207001011,الريف,Ar Rif,12,1207001
1206001012,الياسمين,Al Yasmin,12,1206001
1206001015,الخزام,Al Khuzam,12,1206001
1202001009,العدل,Al Adel,12,1202001
506001024,الجوهرة,Al Jawharah,5,506001
506001011,الروضة,Ar Rawdah,5,506001
506001012,الملك فهد,King Fahd,5,506001
506001013,المحمدية,Al Muhammadiyah,5,506001
506001014,غرناطة,Ghirnatah,5,506001
506001015,الفيحاء,Al Fayha,5,506001
506001019,حي ج1,Dst C1,5,506001
506001020,حي ج2,Dst 2C,5,506001
506001021,حي ج9,Dst C9,5,506001
506001022,حي ج16,Dst C16,5,506001
506001016,التعاون,At Taawun,5,506001
506001017,الريان,Ar Rayaan,5,506001
506001018,العزيزية,Al Aziziyah,5,506001
506001004,الخالدية و اليرموك,Al Khalidiyah and Yarmouk,5,506001
506001003,السلام,As Salam,5,506001
506001005,النزهة,An Nuzhah,5,506001
506001006,الفيصلية,Al Faisaliyah,5,506001
506001007,حي ج7,Dst C7,5,506001
506001008,حي ج13,Dst C13,5,506001
506001009,حي ج14,Dst C14,5,506001
506001010,حي ج15,Dst C15,5,506001
506001001,حي ج5,Dst C5,5,506001
506001002,حي ج11,Dst C11,5,506001
506001026,المروج,Al Muruj,5,506001
506001027,النهضة,An Nahdah,5,506001
506001029,حي ج8,Dst C8,5,506001
506001030,حي ج12,Dst C12,5,506001
506001028,حي ج10,Dst C10,5,506001
506001031,الشاطئ,Ash Shati,5,506001
506001032,حي ج3,Dst C3,5,506001
506001033,حي ج6,Dst C6,5,506001
506001025,الخليج,Al Khalij,5,506001
506001023,اللؤلؤة ,Al Luluah,5,506001
1206001007,السلوى,Al Salwaa,12,1206001
1206001017,الشعلة,Al Sholah,12,1206001
1206001006,الأجيال,Al Ajyal,12,1206001
1206001001,النعيم,An Naim,12,1206001
1206001002,التيسير,At Taysir,12,1206001
1206001004,التسامح,Al Tasamuh,12,1206001
1202001008,القيروان,Al Qirawan,12,1202001
1202001003,الأريج,Al Areej,12,1202001
1202001006,السراة,As Sarat,12,1202001
1207001006,الغدير,Al Ghadir,12,1207001
1200001021,الروضة,Ar Rawdah,12,1200001
1206001005,الميدان,Al-Maydan,12,1206001
1206001003,الأفق,Al Ufuq,12,1206001
203001018,المدينة الصناعية,Industrial City,2,203001
203001019,النهضة,An Nahdah,2,203001
203001020,القاع 2,Al Qaa 2,2,203001
203001021,البرج,Al Burj,2,203001
203001023,الشاطئ 2,Ash Shati 2,2,203001
203001024,الشاطئ 3,Ash Shati 3,2,203001
203001025,آل زياد 2,Al Ziyad 2,2,203001
203001026,منطقة الخدمات المركزية,Central Services,2,203001
203001005,أحد بني زيد,Ohod Bani Zayd,2,203001
203002001,القوز,Al Quoz,2,203002
203002002,عنيكر,Unaykar,2,203002
203002003,الجبيل-قنبور,Al Jubail-Qanbour,2,203002
203002004,الجرد,Al Jard,2,203002
203002005,مشرف,Mishrif,2,203002
203002007,الجميعات,Al Jumaymat,2,203002
203002008,ثلاثاء يبة,Thulatha' ybaah,2,203002
203002009,الحبيلة,Al Habila,2,203002
203002010,هشيمة,Hashima,2,203002
203002011,السمرة,As Sumra,2,203002
203002012,المناديل,Al Manadil,2,203002
203002013,مخطط الخدمات المركزية,Central Services Subdivision,2,203002
203002006,القحمان,Al Qahman,2,203002
207001012,الفيصلية,Al Faisaliyah,2,207001
207001013,البرقاء,Al Barqa,2,207001
207001014,المغاربة,Al Magharbah,2,207001
207001015,الوادي,Al Wadi,2,207001
207001017,الطلعة1,At Talaah 1,2,207001
207001018,التنمية,Tanmiyah,2,207001
207001019,النزهة,An Nuzhah,2,207001
207001020,غران,Gharan,2,207001
207001021,اليمانية,Al Yamania,2,207001
207001022,صناعية اليمانية,Sinaiyah Al Yamania,2,207001
207001023,الهجرة2,Al Hijrah 2,2,207001
207001024,الهجرة1,Al Hijrah 1,2,207001
207001025,الربوة,Ar Rabwah,2,207001
207001016,الطلعة2,At Talaah 2,2,207001
201003004,الحرة,Al Hura,2,201003
201001034,الحرازات,Al Harazat,2,201001
201001015,الريان,Ar Rayaan,2,201001
201001016,البحيرات,Al Buhayrat,2,201001
201003001,جوهرة ثول,Jawharat Thul,2,201003
201003002,المعرفة,Al Maerifa,2,201003
201001017,الخليج,Al Khalij,2,201001
201001035,القوس,Al Qaws,2,201001
201001036,صناعي1,Industrial1,2,201001
201001037,المزيرعة,Al Muzayraa,2,201001
201001038,حكومي3,Governmental3,2,201001
201001011,الرابية,Ar Rabiyah,2,201001
201001012,العشيرية,Al Ushiria,2,201001
201001013,الهزاعية,Al Hazaeia,2,201001
201001014,المرسلات,Al Mursalat,2,201001
203001022,المروج,Al Muruj,2,203001
203001001,الخالدية ب,Al Khalidiyah B,2,203001
203001002,الغربية,Al Gharbia,2,203001
203001003,الخالدية أ,Al Khalidiyah A,2,203001
203001004,الشرقية,Sharqia,2,203001
203001006,عمرات,Umrat,2,203001
203001007,الصالحي,Al Salhi,2,203001
203001008,القاع 1,Al Qaa 1,2,203001
203001009,آل زياد 1,Al Ziyad 1,2,203001
203001010,الكورنيش,Al Kurnaish,2,203001
203001011,رحمان,Rahman,2,203001
203001012,الدعدي,Al daadi,2,203001
203001013,وادي هارون,Wadi Haroun,2,203001
203001014,المستقبل,Al Mustaqbal,2,203001
203001015,الشاطئ 1,Ash Shati 1,2,203001
207001001,الصدر,Al Sadr,2,207001
207001002,الدف,Ad Duf,2,207001
203001016,داربن جدة,Darbin Jeddah,2,203001
203001017,المرجان,Al Murjan,2,203001
207001003,الشيوخ,Ash Shiyukh,2,207001
207001004,السلام,As Salam,2,207001
207001005,السالمية,As Salmiya,2,207001
207001006,الإسكان,Al Iskan,2,207001
207001007,الملك عبدالله بن عبدالعزيز,King Abdullah bin Abdulaziz,2,207001
207001008,البساتين,Al Basatin,2,207001
207001009,الملك فهد بن عبدالعزيز,King Fahd bin Abdulaziz,2,207001
207001011,الجامعة,Al Jamiah,2,207001
201001005,الربيع,Ar Rabie,2,201001
201001006,الحفنة,Al Hafna,2,201001
201001007,الحجاز,Al Hijaz,2,201001
201001008,العزيزية,Al Aziziyah,2,201001
201001009,الوئام,Al Wiam,2,201001
201001104,الثعالبة,Ath Thaalibah,2,201001
201001112,البوادي,Al Bawadi,2,201001
201001128,المحاميد,Al Mahamid,2,201001
201001129,المستقبل,Al Mustaqbal,2,201001
201001105,القوزين,Al Qouzeen,2,201001
201001106,الهدا,Al Hada,2,201001
201001010,مطار الملك عبدالعزيز,King Abdulaziz International Airport,2,201001
201001020,الهجرة,Al Hijrah,2,201001
201001021,الرواسي,Ar Rawasi,2,201001
201001022,الصناعية,Industrial,2,201001
201001030,المنتزة,Al Muntazah,2,201001
201001023,البركة,Al Barakah,2,201001
201001024,الرحمة,Ar Rahmah,2,201001
201001025,الأمير عبدالمجيد,Prince Abdulmajeed,2,201001
201001026,الكرامة,Al Karamah,2,201001
201001027,التضامن,Al Tadamun,2,201001
201001028,المنتزهات,Al Mutanazahat,2,201001
201001029,الجوهرة,Al Jawharah,2,201001
201001031,مريخ,Mraykh,2,201001
201001033,قباء,Quba,2,201001
201001043,الفنار,Al Fanar,2,201001
201001116,الغربية,Al Gharbia,2,201001
201001117,الروابي,Ar Rawabi,2,201001
201001118,الكوثر,Al Kawthar,2,201001
201001095,المروة,Al Marwah,2,201001
201001119,النزهة,An Nuzhah,2,201001
201001120,الندى,An Nada,2,201001
201001121,البشائر,Al Bashaer,2,201001
201001122,المحجر,Al Mahjar,2,201001
201001123,الحمراء,Al Hamra,2,201001
201001124,السرورية,As Surooriyah,2,201001
201001096,الصفحة,As Safha,2,201001
201001097,بلدة ذهبان,Dhahban Town,2,201001
201001098,الشويضي,Ash Shuwaidi,2,201001
201001099,الدرة,Al Durra,2,201001
201001100,النجمة,Al Najma,2,201001
201001101,الخمرة,Al Khomrah,2,201001
201003011,الشمائل,Ash Shamayil,2,201003
201003012,سليتة,Salita,2,201003
201001125,المليساء,Al Moulysaa,2,201001
201001126,الواحة,Al Wahah,2,201001
201001127,صناعي2,Industrial2,2,201001
201001103,الزهراء,Az Zahra,2,201001
201001001,الضاحية,Ad Dahiah,2,201001
201001002,الصحيفة,As Sahifah,2,201001
201001003,الرغامة,Ar Rughamah,2,201001
201001018,المنارات,Al Manarat,2,201001
201003003,الكورنيش,Al Kurnaish,2,201003
201001019,الجزيرة,Al Jazirah,2,201001
201001111,السلامة,As Salamah,2,201001
201001138,الرحمانية,Ar Rahmanyah,2,201001
201001139,قاعدة الملك فيصل البحرية,King Faisal Naval Base,2,201001
201001140,الساحل,As Sahil,2,201001
201001141,الوداد,Al Widad,2,201001
201001143,البلد,Al Balad,2,201001
201001145,الوزيرية,Al Waziriyah,2,201001
201001113,القرينية,Al Qryniah,2,201001
201001114,النهضة,An Nahdah,2,201001
201001060,بترومين,Petromin,2,201001
201001061,الصفاء,As Safa,2,201001
201001062,أم السلم,Umm Asalam,2,201001
201001063,الرويس,Ar Ruwais,2,201001
201001064,أبحر الجنوبية,Abhur Al Janubiyah,2,201001
201001065,النسيم,Al Naseem,2,201001
201001066,الفلاح,Al Falah,2,201001
201001048,الرحاب,Ar Rehab,2,201001
201001146,الفردوس,Al Ferdous,2,201001
201001147,بني مالك,Bani Malik,2,201001
201001148,بريمان,Bryman,2,201001
201003013,جامعة,University,2,201003
201001087,الفرقان,Al Furqan,2,201001
201001088,طابة,Tabah,2,201001
201001149,الشفاء,Ash Shifa,2,201001
201001089,العليا,Al Olaya,2,201001
201001090,أبو جعالة,Abu Jaala,2,201001
201001091,المحمدية,Al Muhammadiyah,2,201001
201001092,الياقوت,Al Yaqoot,2,201001
201001115,أم سدرة,Umm Sidra,2,201001
201001093,مدائن الفهد,Madain Al Fahd,2,201001
201001094,المودة,Al Mawada,2,201001
201001107,الأندلس,Al Andalus,2,201001
201001108,الأمواج,Al Amwaj,2,201001
201001109,الأمير فواز الجنوبى,Prince Fawaz Al Janoubi,2,201001
201001130,كتانة,Kittanah,2,201001
201001131,أم حبلين الشرقية,Umm Hablain Al Sharqia,2,201001
201001132,التلال,Al Talal,2,201001
201001133,البدور,Al Budur,2,201001
201001134,الأصالة,Al Asala,2,201001
201001110,مشرفة,Mishrifah,2,201001
201001135,الربوة,Ar Rabwah,2,201001
201001102,الأمير فواز الشمالى,Prince Fawaz Al Shamali,2,201001
201001136,العدل,Al Adel,2,201001
201001137,السروات,As Sarawat,2,201001
201001084,اليسر,Al Yusr,2,201001
201001085,الزهور,Al Zuhur,2,201001
201001086,المجد,Al Majd,2,201001
201001070,الفاروق,Al Farouk,2,201001
201001071,البغددية الشرقية,Al Baghdadiyah Al Sharqiyah,2,201001
201001072,الأجواد,Al Ajwad,2,201001
201001073,غليل,Ghulail,2,201001
201001046,الفضيلة,Al Fadeylah,2,201001
201001047,الفيصلية,Al Faisaliyah,2,201001
201001053,السنابل,As Sanabel,2,201001
201001074,الكندرة,Al Kandarah,2,201001
201001075,الفروسية,Al Frosyah,2,201001
201001040,الموج,Al Mawj,2,201001
201001076,النزلة اليمانية,An Nazlah Al Yamaniyah,2,201001
201001077,الثغر,Ath Thaghr,2,201001
201001078,السبيل,As Sabil,2,201001
201001051,الهنداوية,Al Hindawiyah,2,201001
201001041,المرسى,Al Marsaa,2,201001
201001042,العسيلة,Al Usaylah,2,201001
201003006,العلاء,Al Ulaa,2,201003
201001079,الأجاويد,Al Ajaweed,2,201001
207001010,الزهور,Al Zuhur,2,207001
201003008,بلدة ثول,Thule Town,2,201003
201001052,الشرائع,Asharai ,2,201001
201003010,المعيزيلة,Al Maizialah,2,201003
201001039,أم حبلين الغربية,Umm Hablain Al Gharbia,2,201001
201001049,القريات,Al Quraiyat,2,201001
201001050,المرجان,Al Murjan,2,201001
201001067,جامعة الملك عبدالعزيز,King Abdulaziz University,2,201001
201001068,الورود,Al Wurud,2,201001
201001069,الشرفية,Ash Sharafiyah,2,201001
201001059,الفيحاء,Al Fayha,2,201001
201001044,العقيق,Al Aqiq,2,201001
201001045,العسلاء,Al Usalaa,2,201001
201003005,الوسامي,Al Wasami,2,201003
201001193,شعثاء,Shathaa,2,201001
201001194,المجمر,Al Mijmar,2,201001
201001195,الغولاء,Al Ghualaa,2,201001
201001178,النزلة الشرقية,An Nazlah Ash Sharqiyah,2,201001
201003014,البهجة,Al Bahja,2,201003
201001154,الرمال,Ar Rimal,2,201001
201001155,المروج,Al Muruj,2,201001
201003018,الودية,Al Wudiya,2,201003
201001150,الوادي,Al Wadi,2,201001
201001151,التعاون,At Taawun,2,201001
201001152,العبير,Al Abeer,2,201001
201001186,الأثير,Al Athir,2,201001
201001166,طيبة,Taibah,2,201001
201001167,السهل,Al Sahl,2,201001
201001187,جامعة,University,2,201001
201001168,الرياض,Ar Riyadh,2,201001
201003017,حكومي3,Governmental3,2,201003
201001170,البساتين,Al Basatin,2,201001
201001171,الزمرد,Az Zomorod,2,201001
201001172,التوفيق,Al Tawfiq,2,201001
201001153,الجامعة,Al Jamiah,2,201001
201001181,البيان,Al Bayan,2,201001
201001190,رهناء,Rahna',2,201001
201001191,الشروق,Ash Shrouk,2,201001
201001192,السامر,As Samir,2,201001
201001156,البوادر,Al Bawadir,2,201001
201001157,الحمدانية,Al Hamadaniyah,2,201001
201001159,الشراع,Ash Sheraa,2,201001
201001160,العمارية,Al Ammariyah,2,201001
201001161,ميناء جدة الاسلامي,Jeddah Eslamic Seaport,2,201001
201001162,النعيم,An Naim,2,201001
201001182,الغدير,Al Ghadir,2,201001
201001183,الشرقية,Sharqia,2,201001
201001184,رضوى,Radwa,2,201001
201001185,المجامع,Al Majamie,2,201001
201003015,حكومي1,Governmental1,2,201003
201003016,حكومي2,Governmental2,2,201003
201001164,النخيل,Al Nakhil,2,201001
201001165,البغدادية الغربية,Al Baghdadiyah Al Gharbiyah,2,201001
201001054,النور,An Noor,2,201001
201001055,المسرة,Al Masarah,2,201001
201001080,السليمانية,As Sulaymaniyah,2,201001
201001081,الروضة,Ar Rawdah,2,201001
201003007,ترفيهي,Entertaining,2,201003
201001056,الفضل,Al Fadel,2,201001
201001083,الشاطئ,Ash Shati,2,201001
201001057,الصالحية,As Salhiyah,2,201001
201001058,أبحر الشمالية,Abhur Ash Shamaliyah,2,201001
201001180,الصواري,Al Sawari,2,201001
501107044,البساتين2,Al Basatin2,5,501107
501107045,الرفعة الجنوبية,Al Rafeat Al Janubia,5,501107
501107046,السحيمية,As Suhaymiyyah,5,501107
501107047,مدينة الملك عبدالله العسكرية,King Abdullah Military City,5,501107
501107048,الخدود,Al Khudud,5,501107
201003009,المرج,Al Marj,2,201003
501107075,عين نجم,Ayn Najm,5,501107
501079002,ضاحية الامير سلطان الجنوبية,Dahiyat Al Amir Sultan Al Janubia,5,501079
501107076,المطيرفي الغربي,Al Mutayrifi Al Garbi,5,501107
501079010,ضاحية الامير سلطان الشمالية,Dahiyat Al Amir Sultan Al Shamalia,5,501079
201001173,الوفاء,Al Wafa,2,201001
201001174,حكومي1,Governmental1,2,201001
201001175,حكومي2,Governmental2,2,201001
201001176,اللؤلؤ,Al Loaloa,2,201001
201001177,المنار,Al Manar,2,201001
201001188,الصفوة,As safwa,2,201001
201001189,العويجاء,Al Uwayjaa,2,201001
201001179,الخالدية,Al Khalidiyah,2,201001
501107057,محاسن ارامكو الثاني,Mahasin Aramco 2nd,5,501107
501107058,مدينة الحجاج,Madinat Al Hujaaj,5,501107
501107049,المثلث,Al Muthalath,5,501107
501107050,قرية السيايرة,Qaryat Al Sayyara,5,501107
501107051,الفنار,Al Fanar,5,501107
501107052,بلدة الفضول,Al Fudul Town,5,501107
501107053,مريبطة,Muribita,5,501107
501107054,الطالعية,Al Taalieia,5,501107
501107055,قرطبة,Qurtubah,5,501107
501107059,العاصمة,Al Asemah,5,501107
501107062,مطار الأحساء,Al Ahsa Airport,5,501107
501107063,إشبيلية,Ishbiliyah,5,501107
501107064,الواحة الطبية,Al Wahah Al Taibia,5,501107
501107060,الرياض الاول,Ar Riyadh Al Awal,5,501107
501107061,الريان,Ar Rayaan,5,501107
501107065,الزهراء,Az Zahra,5,501107
501107066,الثريا,Ath Thuraiya,5,501107
501107068,الصفاء الاول,As Safa Al Awl,5,501107
501107069,الشهابية,Ash Shihabiyah,5,501107
501107070,نادي الفروسية,Equestrian Club,5,501107
501107071,الرفعة الشمالية,Al Rafeat Al Shamalia,5,501107
501107072,سودة,Sawda,5,501107
501079001,الصناعية,Industrial,5,501079
501107073,البدور,Al Budur,5,501107
501107074,المسعودي,Al Masudi,5,501107
400099001,الرفيعة,Ar Rafiah,4,400099
400099002,الريان,Ar Rayaan,4,400099
400099003,الأندلس,Al Andalus,4,400099
400099004,الصناعية,Industrial,4,400099
400099005,حي ج1,Dst C1,4,400099
400099006,حي ج3,Dst C3,4,400099
400099007,حي ج5,Dst C5,4,400099
400099008,المجد,Al Majd,4,400099
400099010,حي ج4,Dst C4,4,400099
400099011,السحابين الشمالية,Al Sahabayn Al Shamalia,4,400099
400099012,الربوة,Ar Rabwah,4,400099
400099013,الخبراء القديمة,Al Khubara Al Qadima,4,400099
400099014,القدس,Al Quds,4,400099
400099009,الروضة,Ar Rawdah,4,400099
400099015,الياسمين,Al Yasmin,4,400099
400099016,السحابين الجنوبية,Al Sahabayn Al Janubia,4,400099
400099017,الربيع,Ar Rabie,4,400099
400099018,حي ج2,Dst 2C,4,400099
501107019,الرابع,The Fourth,5,501107
501107020,الدانة,Ad Danah ,5,501107
501107021,هجر الرابع,Hajar Al Raabie,5,501107
501107022,الروابي,Ar Rawabi,5,501107
501107023,العزيزية الأول,Al Aziziyah 1st,5,501107
501107024,الحزم الجنوبي,Al Hazm Al Junubi,5,501107
501107025,الصفاء الثاني,As Safa Al Thaani,5,501107
501107026,هجر السادس,Hajar Al Saadis,5,501107
501107027,مثلث الشرقية,Muthalath Al Sharqia,5,501107
501107028,العقيق,Al Aqiq,5,501107
501107029,الضباب,Al Dabab,5,501107
501107030,الشراع الشمالي,Ash Shara Al Shimali,5,501107
501107031,أم سبعة,Umm Sabah,5,501107
501107032,الرياض الثاني,Ar Riyadh Al Thaani,5,501107
501107033,الراشدية الثاني,Ar Rashidyah 2nd,5,501107
501107034,قرية العمران الجنوبي,Qaryat Al Omran South,5,501107
501107035,الإسكان الأول,Al Iskan 1st,5,501107
501107036,مشرفة,Mishrifah,5,501107
501107037,الواحة1,Al Wahah1,5,501107
501107038,الروضة1,Ar Rawdah1,5,501107
501107039,البصيرة,Al Basirah,5,501107
501107056,الكوت,Al Kut,5,501107
501107004,الصناعية,Industrial,5,501107
501107041,الوادي,Al Wadi,5,501107
501107042,محيرس,Mahairis,5,501107
501107043,أحد2,Ohod2,5,501107
501107119,الندى,An Nada,5,501107
501107244,المحمدية,Al Muhammadiyah,5,501107
501107245,السلمانية الرابع,Al Salmaniyah Forth,5,501107
501107246,المجصة,Al Mijasa,5,501107
501107248,بلدة الشقيق الشرقية,Al Shuqaiq Eastern Town,5,501107
501107249,بلدة الجرن,Al Jurn Town,5,501107
501107222,مجمع الدوائر الحكومية,Government Departments Complex,5,501107
501107120,أحد1,Ohod1,5,501107
501107121,المزروع الاول,Al Mazrooa 1st,5,501107
501107122,جوبا,Juba,5,501107
501107123,هجر التاسع,Hajr Al Taasie,5,501107
501107124,الراشدية الثالث,Ar Rashidyah 3rd,5,501107
501107125,الثاني,The Second,5,501107
501107126,الإسكان الثاني,Al Iskan 2nd,5,501107
501107127,العليا,Al Olaya,5,501107
501107128,الحمراء الأول,Al Hamra 1st,5,501107
501107129,الزهور,Al Zuhur,5,501107
501107130,المدينة الرياضية,Sports City,5,501107
501107250,البساتين,Al Basatin,5,501107
501079009,بلدة العوضية,Al Awadhiya Town,5,501079
501107251,بلدة المنيزلة,Al Munayzala Town,5,501107
501107252,بلدة الطريبيل,Al Traibil Town,5,501107
501107253,الخالدية,Al Khalidiyah,5,501107
501107255,بلدة المنصورة,Al Mansoura Town,5,501107
501107256,النخيل1,Al Nakhil1,5,501107
501107257,الثليثية,Al Thulaythiyah,5,501107
501107258,الفيصل,Al Faisal,5,501107
501107259,الحوراء,Al Hawra,5,501107
501079006,مجمع الدوائر الحكومية,Government Departments Complex,5,501079
501107132,بلدة أبو الحصى,Abu Al Hasab Town,5,501107
501079005,العيون الشمالية,North Al Uyun,5,501079
501107133,الربيع,Ar Rabie,5,501107
501107135,الحزام الذهبي,Al Hizam Adh Dhahabi,5,501107
501107136,الحفيرة,Al Hufayrah,5,501107
501107131,اليرموك,Al Yarmuk,5,501107
501107137,اليرموك1,Al Yarmuk1,5,501107
501107138,اللويمي,Al Luwaymi,5,501107
501107139,الفردوس,Al Ferdous,5,501107
501107263,قرية العرامية,Qaryat Al Arameya,5,501107
501107264,العدوة,Al Adwah,5,501107
501107265,جواثا,Juwatha,5,501107
501107261,قرية الرميلة,Qaryat Al Rumaila,5,501107
501107266,الحمراء الثاني,Al Hamra 2nd,5,501107
501107267,الورود الثاني,Al Wurud 2nd,5,501107
501107268,الرابية,Ar Rabiyah,5,501107
501107140,الرفاع,Ar Rifa,5,501107
501107141,القادسية,Al Qadisiyah,5,501107
501107142,المربدية,Al Marbidia,5,501107
501107254,الصالحية,As Salhiyah,5,501107
501107182,الشروفية,Al Shurofiyah,5,501107
501107247,الثالث,The Third,5,501107
501107134,الإمام محمد بن سعود,Al Imam Muhammed Ibn Saud,5,501107
501107183,الربوة,Ar Rabwah,5,501107
501107184,إسكان الكلابية,Al Kilabiyah Housing,5,501107
501107185,العسيلة,Al Usaylah,5,501107
501107187,المزروع الثاني,Al Mazrooa 2nd,5,501107
501107188,برزان,Barzan,5,501107
501107192,المرقاب,Al Merqab,5,501107
501107193,التعاون,At Taawun,5,501107
501107194,بو سحبل الثاني,bu Sahbal 2nd,5,501107
501107195,الناصرية,An Nasriyah,5,501107
501107189,التمور,Al Tumur,5,501107
501107190,الديوان,Ad Daywan,5,501107
501107191,بلدة الدالوة,Dalouh Town,5,501107
501107196,السلام,As Salam,5,501107
501107201,العويمرية,Al Uwaymiriyah,5,501107
501107197,بلدة القرين,Al Qurain Town,5,501107
501107198,محاسن الثاني,Mahasin 2nd,5,501107
501107199,النايفية,An Nayfiyah,5,501107
501107200,بو سحبل الأول,bu Sahbal 1st,5,501107
501107202,هجر الثاني,Hajr Al Thaani,5,501107
501107203,محاسن ارامكو الثالث,Mahasin Aramco 3rd,5,501107
501107204,محاسن الأول,Mahasin 1st,5,501107
501107205,منيفة,Munifah,5,501107
501107206,القدس,Al Quds,5,501107
501107207,السلمانية الأول,As Sulaymaniyah First,5,501107
501107208,صويدرة,As Suwaidirah,5,501107
501107067,محاسن ارامكو الرابع,Mahasin Aramco 4th ,5,501107
501107209,الأندلس,Al Andalus,5,501107
501107210,أبو حريف,Abu Harif,5,501107
501107211,الشغيبية,Al Shagaibiyah,5,501107
501107212,الأمانة,Al Amanah,5,501107
501079007,وسط العيون,Wasat Aleuyun,5,501079
501107215,النزهة,An Nuzhah,5,501107
501107216,الجفر الشمالي,Al Jafar Al Shamali,5,501107
501107152,المقابل,Al Muqabil,5,501107
501107217,الدوحة,Ad Dawhah,5,501107
501107213,النخيل,Al Nakhil,5,501107
501107214,بلدة الصبايخ,Al Sabaykh Town,5,501107
501107218,الحزام الأخضر,Al Hizam Al Akhdar,5,501107
501107220,جامعة الملك فيصل الأول,King Faisal University 1st,5,501107
501107221,بلدة السباط,Al Sibat Town,5,501107
501107223,بلدة البطالية,Al Bataliyah Town,5,501107
501107224,الديرة,Ad Dirah,5,501107
501107219,مجمع الدوائر الحكومية الأول,Government Departments Complex 1st ,5,501107
501107225,الفيصلية الثاني,Al Faisaliyah 2nd,5,501107
501107226,السلام الثاني,As Salam 2nd,5,501107
501107227,هجر الحادي عشر,Hajar Al Hadi ashar,5,501107
501107231,السيفة,As Saifa,5,501107
501107232,العزيزية الثاني,Al Aziziyah 2nd,5,501107
501107233,عين موسى,Ayn Musa,5,501107
501107234,السلمانية الثالث,As Sulaymaniyah Third,5,501107
501107235,بلدة أبو ثور,Abu Thawr Town,5,501107
501107228,الجبل,Al Jabal,5,501107
501107229,الإسكان1,Al Iskan1,5,501107
501107230,الفيصلية,Al Faisaliyah,5,501107
501107102,الرياض الرابع,Ar Riyadh Al Raabie,5,501107
501107103,بلدة الشقيق الغربية,Al Shuqaiq Western Town,5,501107
501107105,عين مرجان,Ayn Marjan,5,501107
501107106,الوسيطة,Al Wasitah,5,501107
501107107,بلدة جليجلة,Jalijila Town,5,501107
501107104,هجر العاشر,Hajar Al Ashir,5,501107
501107108,النرجس,An Narjis,5,501107
501107109,هجر,Hajr,5,501107
501107110,الجامعيين,Al Jamiyin,5,501107
501107111,المحار,Al Mahar,5,501107
501107236,جامعة الملك فيصل الثالث,King Faisal University 3rd,5,501107
501079008,الرابية,Ar Rabiyah,5,501079
501107240,المروج الشمالي,Al Muruj Al Shimali,5,501107
501107241,بلدة الحليلة,Al Hulaila Town,5,501107
501107237,الأمراء,Al Omaraa,5,501107
501107238,الإسكان2,Al Iskan2,5,501107
501107239,السلمانية الثاني,As Sulaymaniyah Second,5,501107
501107242,هجر الخامس,Hajar Al Khamis,5,501107
501107243,بلدة بني معن,Bani Ma'an Town,5,501107
501107040,الركاز,Al Rakaz,5,501107
501107112,الروضة,Ar Rawdah,5,501107
501107113,النور,An Noor,5,501107
501107114,المهندسين,Al Muhandisin,5,501107
501107115,مخطط الإتصالات,Al Itsalat Subdivision,5,501107
501107116,المجيدية,Al Majidiyah,5,501107
501107117,بلدة المزاوي,Al Mazawi Town,5,501107
501079004,العيون الجنوبية,South Al Uyun,5,501079
501107118,الشراع الجنوبي,Ash Shara Al Junubi,5,501107
202001077,الواصلية,Al Wasilia,2,202001
202001078,الرحبة,Ar Rahbah,2,202001
202001079,اليسرا,Al Yusra,2,202001
202001114,الياسمين,Al Yasmin,2,202001
202001080,إشبيلية,Ishbiliyah,2,202001
202001081,الفيحاء,Al Fayha,2,202001
202001082,أوالة,Awala,2,202001
202001083,السر,Al Sir,2,202001
202001084,الجفر,Al Jafar,2,202001
202001085,الروابي,Ar Rawabi,2,202001
202001101,الفيصلية,Al Faisaliyah,2,202001
202001039,الريان,Ar Rayaan,2,202001
202001040,مسرة,Masrah,2,202001
202001086,الرويدف,Al Ruwaidaf,2,202001
202001087,إسكان الحرس,Guard Housing,2,202001
202001088,الجوهرة,Al Jawharah,2,202001
202001027,كلاخ,Kalakh,2,202001
202001028,المحمدية,Al Muhammadiyah,2,202001
202001035,القطبية الغربية,Al Qutbiah Al Gharbia,2,202001
202001094,الوكرة,Al Wakra,2,202001
202001095,المضباع,Al Mudhbah,2,202001
202001096,السناح,As Snah,2,202001
205001008,النزهة,An Nuzhah,2,205001
205001009,النسيم,Al Naseem,2,205001
205001010,الشاطئ,Ash Shati,2,205001
205001011,الصفاء,As Safa,2,205001
205001012,النعيم,An Naim,2,205001
205001013,الجامعة,Al Jamiah,2,205001
205001014,المروة,Al Marwah,2,205001
216001001,الروابي,Ar Rawabi,2,216001
202001041,الصفاء,As Safa,2,202001
202001042,سوق عكاظ,Suq Ukadh,2,202001
202001102,معشي,Maashi ,2,202001
202001103,نخب,Nakhab ,2,202001
202001104,سلطانة,Sultanah,2,202001
216001002,الضحى,Al Duhaa,2,216001
216001003,الضبيعة,Al Dabiea,2,216001
216001004,العزيزية,Al Aziziyah,2,216001
205001001,البساتين,Al Basatin,2,205001
205001002,محطة الارصاد,Weather Station,2,205001
205001003,الربوة,Ar Rabwah,2,205001
205001004,الصناعية,Industrial,2,205001
205001005,الورود,Al Wurud,2,205001
202001029,الصفراء,As Safra,2,202001
202001030,الواسط,Al Wasit,2,202001
202001031,الدهماء,Al Dahmaa,2,202001
202001089,القويسم,Al Quaysam,2,202001
202001090,الحياه الفطرية,Wildlife,2,202001
205001006,النهضة,An Nahdah,2,205001
205001007,المرجانية,Al Murjaniyah,2,205001
202001064,قرن المنازل,Qarn Al Manazil,2,202001
202001125,العواجية,Al Awajia,2,202001
202001097,لية العليا,Liat Al Ulya,2,202001
202001036,الخالدية,Al Khalidiyah,2,202001
202001037,المنطقة التاريخية,Historic District,2,202001
1100001003,نهيقة,Nahiqah,11,1100001
1100001007,العواكل,Al Awakel,11,1100001
1100001005,القابل,Al Qabil,11,1100001
1100001001,الموفجة,Al Mawfijah,11,1100001
202001126,الحزم,Al Hazm,2,202001
202001127,الغمير,Al Ghumayr,2,202001
202001150,الورود,Al Wurud,2,202001
202001152,النهضة,An Nahdah,2,202001
202001153,القديرة,Al Qadirah,2,202001
202001105,المليساء,Al Moulysaa,2,202001
202001116,القدس,Al Quds,2,202001
202001128,طيبة,Taibah,2,202001
202001129,الجودية,Al Judia,2,202001
202001130,العرفاء الشرقية,Eastern Al Urafa,2,202001
1100001002,زور ال الحارث,Zur Al Al Harith,11,1100001
1100001008,صاغر,Saaghir,11,1100001
1100001004,عويره,Awira,11,1100001
1100001009,الفيصلية,Al Faisaliyah,11,1100001
1100001006,الحمر,Al Humar,11,1100001
202001154,الحلقة الغربية,Al Halqah Al Gharbia,2,202001
202001155,القيم الأعلى,Al Qayam Al Aala,2,202001
202001061,الشفاء,Ash Shifa,2,202001
202001062,الدفاع الجوي,Air Defense,2,202001
202001063,الحلاه,Al Halah,2,202001
202001091,القميع,Qami,2,202001
202001092,ريحه,Riha ,2,202001
202001093,الحوية,Al Huwaya,2,202001
202001032,عدوان,Eudwan,2,202001
202001033,القمرية,Al Qumariyyah ,2,202001
202001034,الشهداء الشمالية,Ashuhada Alshamaliyyah ,2,202001
202001065,السيل الكبير,As Sail Al Kabeer ,2,202001
202001156,الحلقة الشرقية,Al Halqah Asharqiyyah,2,202001
202001157,الشرفية,Ash Sharafiyah,2,202001
202001158,القيم الأسفل,Al Qayam Al Asfal,2,202001
202001066,الجال,Al Jal,2,202001
202001038,الشرقية,Sharqia,2,202001
202001098,العبلاء,Al Ablaa,2,202001
202001099,واحة الإسكان,Al Iskan oasis,2,202001
202001100,شبرا,Shubra,2,202001
202001067,البوادي,Al Bawadi,2,202001
202001068,ميدان الهجن,Camel Field,2,202001
202001069,الربوة,Ar Rabwah,2,202001
202001070,المطار الدولي الجديد,New International Airport,2,202001
202001071,الهدا,Al Hada,2,202001
202001072,جبال القنة,Qena Mountains,2,202001
202001131,الكدى,Al Kudaa,2,202001
202001043,وادي محرم الأسفل,Wadi Muharam Al Asfal,2,202001
202001044,الردف,Ar Ruddaf,2,202001
202001045,أم الدروب,Umm Al Durub,2,202001
202001073,أم العطف,Umm Al Atf,2,202001
202001074,ضاحية الإسكان,Dahiyat AI Iskan,2,202001
202001075,السليمانية,As Sulaymaniyah,2,202001
202001076,القهيب,Al Quhaib,2,202001
100001115,الغدير,Al Ghadir,1,100001
1204001001,الجامعة,Al Jamiah,12,1204001
1204001002,الكوكب,Al-Kawkab,12,1204001
1204001003,السلامة,As Salamah,12,1204001
1206001020,البستان,Al Bustan,12,1206001
1206001021,الشذا,Al Shadha,12,1206001
1206001018,الرجاء,Ar Rajaa,12,1206001
1206001019,المجد,Al Majd,12,1206001
110001007,المسميات 2,Al Musamayat 2,1,110001
110001013,الغضا,Al Kada,1,110001
110001006,العطيان,Al Atyan,1,110001
110001001,المسميات 1,Al Musamayat 1,1,110001
110001017,الحلوة,Al Hulwa,1,110001
1205001003,العزيزية,Al Aziziyah,12,1205001
1205001004,البيداء,Albayda',12,1205001
1206001022,الغيوم,Al Ghyom ,12,1206001
1203001001,الضيافة,Ad Diyafah,12,1203001
110001027,الحزم,Al Hazm,1,110001
110001028,الخزامى,Al Khuzama,1,110001
110001018,القويع,Al Qawye,1,110001
110001022,الكريس,Al Kris,1,110001
1205001005,تهامة,Tihamah,12,1205001
1205001006,القادسية,Al Qadisiyah,12,1205001
1203001004,الإبتسام,Al Ebtesam,12,1203001
1203001005,الدانة,Ad Danah ,12,1203001
1203001006,القفيل,Al Qafayl,12,1203001
1203001002,الوئام,Al Wiam,12,1203001
1203001003,المحمدية,Al Muhammadiyah,12,1203001
1206141009,اليمامة,Al Yamamah,12,1206141
1207001001,الفيصل,Al Faisal,12,1207001
1207001002,الجوهرة,Al Jawharah,12,1207001
1207001003,الشلال,Ash Shalaal,12,1207001
1205001007,الرمال,Ar Rimal,12,1205001
1205001008,القلعة,Al Qalah,12,1205001
1203001007,الوسام,Al Wasam,12,1203001
1203001008,البهجة,Al Bahja,12,1203001
1203001009,الفيصلية,Al Faisaliyah,12,1203001
1203001010,الخالدية,Al Khalidiyah,12,1203001
1207001004,غرناطة,Ghirnatah,12,1207001
1207001005,الوادي الأخضر,Al Wadi Al Akhdar,12,1207001
1205001009,قرطبة,Qurtubah,12,1205001
1205001010,الجود,Al Jud,12,1205001
1201001001,العبير,Al Abeer,12,1201001
1201001002,الرحابة,Ar Rehabah,12,1201001
1201001003,التعاون,At Taawun,12,1201001
1201001004,الازهار,Al Azhar,12,1201001
1201001005,الرهوة,Ar Rawh,12,1201001
1203001011,الواحات,AlWahat,12,1203001
1203001012,البشائر,Al Bashaer,12,1203001
1203001013,الوفاق,Al Wefaq,12,1203001
1203001014,المنتزة,Al Muntazah,12,1203001
1203001015,الربوة,Ar Rabwah,12,1203001
1207001007,الفهد,Al Fahd,12,1207001
1201001006,الأرجوان,Al Arjiwan,12,1201001
1201001007,الزمرد,Az Zomorod,12,1201001
1201001008,المروة,Al Marwah,12,1201001
1203001016,العروبة,Al Urubah,12,1203001
1203001017,الشهداء,Ashuhada,12,1203001
1203001018,الرونة,Ar Rawnah,12,1203001
1207001010,الزاهر,Az Zahir,12,1207001
1207001008,الجواهر,Al Jawahir,12,1207001
1207001009,العين,Al Ain,12,1207001
1201001009,الأمل,Al Amal,12,1201001
1201001010,السلام,As Salam,12,1201001
1201001011,الرائد,Al Raed,12,1201001
1201001012,الفيصلية,Al Faisaliyah,12,1201001
1201001013,الأندلس,Al Andalus,12,1201001
1201001014,الخليج,Al Khalij,12,1201001
1201001015,النور,An Noor,12,1201001
1203001019,السد,As Sad,12,1203001
1202001001,الغيم,Al Ghe'm,12,1202001
1202001002,المصائف,Al Masayif,12,1202001
1205001001,الهجرة,Al Hijrah,12,1205001
1205001002,السهول,Alsuhul,12,1205001
1201001016,النجاح,Al Najah,12,1201001
1201001017,الوادي,Al Wadi,12,1201001
1201001018,المرجان,Al Murjan,12,1201001
1202001004,الرضوان,Al Radwan,12,1202001
1202001005,البدر,Al Badr,12,1202001
206001001,عين شمس,Eayan Shams,2,206001
206001002,الغزيات,Al Ghaziat,2,206001
206001003,السلام,As Salam,2,206001
206001004,الشهداء,Ashuhada,2,206001
1202001007,الغروب,Al Ghurub,12,1202001
206001006,السدر,Al Sudr,2,206001
206001007,السلامة,As Salamah,2,206001
206001008,النقابة,Al Naqabah,2,206001
206001009,أبو عروه,Abo Aurwa,2,206001
206001010,الفتح,Al Fath,2,206001
206001005,النسيم,Al Naseem,2,206001
206001011,الصفاء,As Safa,2,206001
206001012,النخيل,Al Nakhil,2,206001
212001001,حداء,Hada',2,212001
212001002,النسيم,Al Naseem,2,212001
1204001005,الطيبات,Al Tayebat,12,1204001
1204001006,النخيل,Al Nakhil,12,1204001
1204001004,الفردوس,Al Ferdous,12,1204001
1201064001,الصفوة,As safwa,12,1201064
1201064002,الناصرية,An Nasriyah,12,1201064
1201064003,الكوثر,Al Kawthar,12,1201064
1201064004,المدار,Al Madar,12,1201064
212001004,الربوة,Ar Rabwah,2,212001
212001005,البساتين,Al Basatin,2,212001
212001006,السلام,As Salam,2,212001
212001007,الأصالة,Al Asala,2,212001
212001008,المستقبل,Al Mustaqbal,2,212001
212001003,العين,Al Ain,2,212001
212001009,العزيزية,Al Aziziyah,2,212001
212001010,الفنار,Al Fanar,2,212001
1204001007,الزهراء,Az Zahra,12,1204001
1204001008,الندوة,Al Nadwah,12,1204001
1201064005,الجزيرة,Al Jazirah,12,1201064
1201064006,الفيحاء,Al Fayha,12,1201064
1201064007,الشفق,Al Shafaq,12,1201064
1201064008,الحزم,Al Hazm,12,1201064
212001013,العذوبة,AlOthoba,2,212001
1200001017,المصيف,Al Masif,12,1200001
1200001002,الخزامى,Al Khuzama,12,1200001
212001011,الشرفة,Al Shurfa,2,212001
212001012,الصناعية,Industrial,2,212001
1204001009,الإزدهار,Al Izdihar,12,1204001
1204001010,الجوزاء,Al Jawza'a,12,1204001
1201064009,الديرة,Ad Dirah,12,1201064
1201064010,الانصار,Al Ansar,12,1201064
1201064011,الريم,Alriym,12,1201064
1200001012,الورود,Al Wurud,12,1200001
1200001018,البساتين,Al Basatin,12,1200001
1200001004,المروج,Al Muruj,12,1200001
1204001011,البيرق,Al Bayraq,12,1204001
1204001012,البيعة,Al Bayea,12,1204001
1204001013,المطار,Airport,12,1204001
1201064017,السعيد,As Saaid,12,1201064
1206141001,الوداد,Al Widad,12,1206141
1201064012,الراية,Ar Rayah,12,1201064
1201064013,الريحان,Ar Raihan,12,1201064
1201064014,الفتح,Al Fath,12,1201064
1201064015,الريان,Ar Rayaan,12,1201064
1201064016,المعالي,Al Maali,12,1201064
1200001010,النزهة,An Nuzhah,12,1200001
1200001022,الندى,An Nada,12,1200001
1200001016,الواحة,Al Wahah,12,1200001
1200001011,النسيم,Al Naseem,12,1200001
1204001014,الدرة,Al Durra,12,1204001
1204001015,مطارالملك سعود,King Saud Airport,12,1204001
1206141002,المكارم,Al Mukaram,12,1206141
1206141003,الديوان,Ad Daywan,12,1206141
1206141004,الأمواج,Al Amwaj,12,1206141
1200001003,المنتزهات,Al Mutanazahat,12,1200001
1200001023,الربيع,Ar Rabie,12,1200001
1200001024,الرحاب,Ar Rehab,12,1200001
1200001014,التلال,Al Talal,12,1200001
1200001019,الضباب,Al Dabab,12,1200001
1200001008,الحجاز,Al Hijaz,12,1200001
1200001007,الحسام,Al Hussam,12,1200001
1200001015,الروابي,Ar Rawabi,12,1200001
1204001016,الإسكان,Al Iskan,12,1204001
1204001017,الرحمة,Ar Rahmah,12,1204001
1206141005,الفجر,Al-Fajr,12,1206141
1206141006,الفلاح,Al Falah,12,1206141
1200001009,السوق,As Suq,12,1200001
1200001001,السروات,As Sarawat,12,1200001
1200001005,الشفاء,Ash Shifa,12,1200001
1200001013,الشروق,Ash Shrouk,12,1200001
1206001010,السندس,Al Sundus,12,1206001
1206001013,الياقوت,Al Yaqoot,12,1206001
1206001008,السنابل,As Sanabel,12,1206001
1206001009,السوسن,Al Sawsan,12,1206001
1206001016,الزهور,Al Zuhur,12,1206001
1206141007,المودة,Al Mawada,12,1206141
1206141008,الرمان,Al Rumaan,12,1206141
1200001020,السحاب,Al Sahab,12,1200001
1200001006,المنار,Al Manar,12,1200001
1100001089,النخيل,Al Nakhil,11,1100001
1100001033,دحضة,Dahdah,11,1100001
1100001081,ماقان,Maqan,11,1100001
507001002,المنتزة2,Al Muntazah2,5,507001
507001012,المنتزة1,Al Muntazah1,5,507001
1100001040,المطار,Airport,11,1100001
1100001027,المركب,Al Markab,11,1100001
1100001054,الزهور,Al Zuhur,11,1100001
1100001087,صحيفات,Sahifat,11,1100001
1100001034,أبو غبار,Abu Ghbar,11,1100001
1100001044,تصلال,Taslal,11,1100001
1100001063,الشرفة,Al Shurfa,11,1100001
1100001035,المخيم,The Camp,11,1100001
1100001010,ال منجم,Al Manjam,11,1100001
1100001048,المخباة,Al Makhaba,11,1100001
1100001072,شعب بران,Shuab Bran,11,1100001
1100001043,الواحة,Al Wahah,11,1100001
1100001085,المسماه,Al Musmaah,11,1100001
1100001090,الدارة,Al Daara,11,1100001
1100001038,الصناعية,Industrial,11,1100001
1100001012,المعامر,Al Maamir,11,1100001
1100001062,الأمير مشعل,Prince Mishal,11,1100001
1100001073,الجربة,Al Jurbah,11,1100001
1100001029,بئر عسكر,Askar well,11,1100001
1100001046,المراطة,Al Maratah,11,1100001
1100001079,زور العماري,Zawr Al Ammari,11,1100001
1100001069,الإسكان,Al Iskan,11,1100001
102002076,جوهرة الخرج,Jawharat Al Kharaj,1,102002
1100001028,الحايرة,Al Hayirah,11,1100001
1100001050,عكام,Ukaam,11,1100001
1100001019,البطحاء,Al Batha,11,1100001
1100001047,بني سلمان,Bani Salman,11,1100001
1100001030,العان,Al Aan,11,1100001
1100001076,صهبان,Sahban,11,1100001
1100001061,النصلة,An Naslah,11,1100001
1100001055,الغويلا,Al Ghiwila,11,1100001
1100001031,الشبهان,Al Shabhan,11,1100001
1100001086,برك,Barak,11,1100001
1100001070,ريمان,Rayman,11,1100001
1100001023,فواز,Fawaz,11,1100001
1102001011,الجفة,Al Jafah,11,1102001
1102001005,المجمع,Al Majma,11,1102001
1102001009,بني هميم,Bani Hamim,11,1102001
1102001015,الجنجت 2,Al Janjat 2,11,1102001
1102001007,سلوة,Sulwa,11,1102001
1102001002,المنتشر,Al Muntashir,11,1102001
1102001006,القابل,Al Qabil,11,1102001
1102001012,حمود السمال,Hammoud Al Smal,11,1102001
1100001080,الحضن,Al Hadn,11,1100001
1100001014,الخرعاء,Al Khuraa,11,1100001
1100001036,بئر أبين,Bir Abayn,11,1100001
1100001020,منطقة الأخدود الأثرية,Al Okhdood Archaeological Area,11,1100001
1100001065,الجامعة,Al Jamiah,11,1100001
1100001025,الفهد,Al Fahd,11,1100001
1100001039,الرويكبة,Al Ruwaikibah,11,1100001
1100001059,السليمانية,As Sulaymaniyah,11,1100001
1102001008,بطا,Bata,11,1102001
1102001003,الحرشت,Al Harasht,11,1102001
1102001001,السرح,Al Sarh,11,1102001
1102001013,الملحين,Al Milhayn,11,1102001
1102001004,الجنجت 1,Al Janjat 1,11,1102001
1102001014,حبونا,Habuwna,11,1102001
1102001010,السفح,Al Safeh,11,1102001
1100001021,سقام,Suqam,11,1100001
1100001032,أبا السعود,Aba Al Saud,11,1100001
1100001057,المروج,Al Muruj,11,1100001
1100001015,الشروق,Ash Shrouk,11,1100001
1100001074,شعب رير,Shiab Reer,11,1100001
1100001082,الحصين,Al Husayn,11,1100001
1100001060,زور وادعة,Zawr Wadiah,11,1100001
1100001084,الضيافة,Ad Diyafah,11,1100001
1100001017,نهوقة,Nahuqah,11,1100001
1100001011,أبا الرشاش,Aba Al Rashash,11,1100001
1100001066,الغيضة,Al Ghayda,11,1100001
1100001058,بني كلب,Bani Kalb,11,1100001
1100001052,الأثايبة,Al Athayiba,11,1100001
1100001077,الخضراء,Al Khadraa,11,1100001
1100001088,الخليف,Al Khalif,11,1100001
1100036003,العزيزية,Al Aziziyah,11,1100036
1100036001,سايلة غزال,Saylat Ghazal,11,1100036
1100036004,الحصينية,Al Husayniyah,11,1100036
1100036002,جنوب الحصينية,South of Al Husayniyah,11,1100036
1100036006,مليحة,Mlihah,11,1100036
1100001067,منتزة الملك فهد بن عبدالعزيز,King Fahd bin Abdulaziz Park,11,1100001
1100001022,الفاجي,Al Faji,11,1100001
1100001083,رجلا,Rajula,11,1100001
1100001068,ال منيف,Al Munif,11,1100001
1100036005,شمال الحصينية,North  Al Husayniyah,11,1100036
1100001045,الروضة,Ar Rawdah,11,1100001
1100001016,الغدير,Al Ghadir,11,1100001
1100001041,الفردوس,Al Ferdous,11,1100001
1100001064,الياسمين,Al Yasmin,11,1100001
1100001013,السلام,As Salam,11,1100001
1100001049,القعصوم,Al Qasoom,11,1100001
1100001026,العريسة,Al Uraysah,11,1100001
1100001051,الأملاح,Al Amalah,11,1100001
1100001024,الضباط,Al Dhubbat,11,1100001
1100001078,النهضة,An Nahdah,11,1100001
1100001042,المرجان,Al Murjan,11,1100001
1100001071,الرحاب,Ar Rehab,11,1100001
1100001056,الأندلس,Al Andalus,11,1100001
1100001053,العروبة,Al Urubah,11,1100001
507001001,قرطبة,Qurtubah,5,507001
507001004,البستان,Al Bustan,5,507001
507001005,النعيم,An Naim,5,507001
507001006,الفيحاء,Al Fayha,5,507001
507001007,الزهور,Al Zuhur,5,507001
507001008,النعيم,An Naim,5,507001
507001009,الدانة,Ad Danah ,5,507001
507001010,الأندلس,Al Andalus,5,507001
507001003,الروضة,Ar Rawdah,5,507001
1100001075,الخالدية,Al Khalidiyah,11,1100001
1100001018,الصفاء,As Safa,11,1100001
1100001037,أبا الخريت,Aba Al Kharit,11,1100001
208003014,أبو العباس,Abu Al Abbas,2,208003
208003019,الدورية,Ad Dawiyah,2,208003
208003020,حي ج5,Dst C5,2,208003
208003012,محافير,Mahafir,2,208003
208003013,أبو مليح,Abu Malih,2,208003
208003015,حي ج1,Dst C1,2,208003
208003016,حي ج6,Dst C6,2,208003
208003017,الخفج,Al Khafj,2,208003
202001048,الحدائق,Al Hadaek,2,202001
202001049,أم السباع,Umm Al Sabaa ,2,202001
202001050,الوشحاء,Al Washha,2,202001
202001051,المعارض,Al Maarid,2,202001
202001001,المثناه,Al Mathnah ,2,202001
202001003,المنطقة الصناعية,Industrial Area,2,202001
202001004,القرشيات,Al Qurashiaat,2,202001
202001005,سديرة,Sudayrah,2,202001
213001001,الشمالي2,Ash Shamali 2,2,213001
213001002,حي ج2,Dst 2C,2,213001
213001003,الجنوبي,Al Janubi,2,213001
213001004,حي ج4,Dst C4,2,213001
213001006,حي ج3,Dst C3,2,213001
213001005,الشمالي1,Ash Shamali 1,2,213001
213001007,حي ج1,Dst C1,2,213001
502001005,النخيل,Al Nakhil,5,502001
502001001,الربوة,Ar Rabwah,5,502001
502001004,الفيحاء,Al Fayha,5,502001
502001006,الوادي,Al Wadi,5,502001
502001007,النايفية,An Nayfiyah,5,502001
502001008,الريان,Ar Rayaan,5,502001
202001109,قروى,Qurwa ,2,202001
202001110,النرجس,An Narjis,2,202001
202001111,حوايا الشمالية,Huwaya Ash Shamaliyyah,2,202001
202001112,النعيم,An Naim,2,202001
202001006,النزهة,An Nuzhah,2,202001
202001007,لية السفلي,Liat Al Sufli,2,202001
202001008,القراحين,Alqrahin,2,202001
202001009,مطار الطائف الدولي,Taif International Airport,2,202001
502001009,الورود,Al Wurud,5,502001
502001010,الشفاء,Ash Shifa,5,502001
502001002,النزهة,An Nuzhah,5,502001
502001003,الروضة,Ar Rawdah,5,502001
502001017,المصيف,Al Masif,5,502001
502001023,البلدية,Al Baladiyah,5,502001
502001024,الإسكان,Al Iskan,5,502001
502001018,الفيصلية,Al Faisaliyah,5,502001
502001019,فليج,Fulaij,5,502001
502001020,الصناعية,Industrial,5,502001
502001021,الربيع,Ar Rabie,5,502001
502001022,الصفاء,As Safa,5,502001
502001015,المروج,Al Muruj,5,502001
502001016,الجامعة,Al Jamiah,5,502001
502001013,الواحة,Al Wahah,5,502001
502001011,العزيزية,Al Aziziyah,5,502001
202001136,السلامة,As Salamah,2,202001
202001137,الحامدية,Al Hamidiyah,2,202001
202001138,مثملة,Masmla,2,202001
202001139,القطبية الشرقية,Al Qutbiah Al Sharqia,2,202001
202001010,الفريدة,Al Farida,2,202001
202001011,القاعدة الجوية,The Air Base,2,202001
202001012,الجفيجف,Al Jafijif,2,202001
202001013,جباجب,Jabajib,2,202001
204001008,(حي رقم (8,District No. 8,2,204001
204001005,(حي رقم (1,District No. 1,2,204001
204001006,(حي رقم (3,District No. 3,2,204001
502001012,أبو موسى الأشعري,Abu Musa Al Ashari,5,502001
502001014,الباطن,Al Batin,5,502001
502001029,غرناطة,Ghirnatah,5,502001
502001025,النهضة,An Nahdah,5,502001
502001026,التلال,Al Talal,5,502001
502001027,السليمانية,As Sulaymaniyah,5,502001
502001028,قرطبة,Qurtubah,5,502001
502001030,الخالدية,Al Khalidiyah,5,502001
502001031,المحمدية,Al Muhammadiyah,5,502001
502001032,اليرموك,Al Yarmuk,5,502001
502007001,الثالث,The Third,5,502007
502007002,الثاني,The Second,5,502007
502007008,الأول,Al Awal,5,502007
502007006,الرابع,The Fourth,5,502007
502007007,حي ج3,Dst C3,5,502007
502007004,حي ج1,Dst C1,5,502007
202001052,الشهداء الجنوبية,Ashuhada Aljanubiyyah ,2,202001
202001053,شهار,Shihar ,2,202001
202001054,المروة,Al Marwah,2,202001
204001007,حي ج1,Dst C1,2,204001
204001001,(حي رقم (9,District No. 9,2,204001
204001002,(حي رقم (6,District No. 6,2,204001
204001003,(حي رقم (10,District No. 10,2,204001
204001004,(حي رقم (4,District No. 4,2,204001
204001009,(حي رقم (5,District No. 5,2,204001
204001010,(حي رقم (7,District No. 7,2,204001
204001011,(حي رقم (2,District No. 2,2,204001
202001141,الرميدة,Al Rumeida,2,202001
502007005,حي ج4,Dst C4,5,502007
502007003,حي ج2,Dst 2C,5,502007
210001001,المنطقة الصناعية,Industrial Area,2,210001
210001002,وادي رانية 1,Wadi Rania 1,2,210001
210001003,الملحة القديمة,Al Muliha Al Qadima,2,210001
210001004,الورود,Al Wurud,2,210001
210001005,مقايل,Muqayil,2,210001
210001006,النهضة,An Nahdah,2,210001
210001007,الدار البيضاء 1,Al Dar Al Baida 1,2,210001
210001008,عطف الوزران,Ataf Al Wizran,2,210001
210001009,العمائر,Al Amayir,2,210001
210001027,الدار البيضاء 2,Al Dar Al Baida 2,2,210001
502007009,الخامس,Al Khamis,5,502007
202001113,العرج الأعلى,Al Urj Al Aala,2,202001
202001115,العرج الأسفل,Al Urj Al Asfal,2,202001
210001028,الياسمين,Al Yasmin,2,210001
210001010,الاغر,Al Aghar,2,210001
215005001,المستشفى,The Hospital,2,215005
215005002,ناخسة,Nakhisa,2,215005
215005003,قرية المنتشري,Qaryat Al Montashari,2,215005
215005012,مخطط أل سيلان,Subdivision Al Silan,2,215005
215005013,بني سهيم,Bani Seheem,2,215005
215005014,غليل,Ghulail,2,215005
215005015,مخطط المدارات,Al Madarat Subdivision,2,215005
215005006,خميس ناخس,Khamis Nakhis,2,215005
215005007,الصبغان,Al Sabghan,2,215005
202001140,الخزامى,Al Khuzama,2,202001
202001142,النسيم,Al Naseem,2,202001
208003018,العين,Al Ain,2,208003
208003007,المعالي,Al Maali,2,208003
208003008,ثفراء,Thafra',2,208003
208003009,حي ج2,Dst 2C,2,208003
208003010,حي ج3,Dst C3,2,208003
208003011,حي ج4,Dst C4,2,208003
208003021,أم الخيام,Umm Al Khiam,2,208003
6,حي ج2,Dst 2C,2,204001
215005008,الذنبة,Al Dhanbuh,2,215005
215005011,مخطط المعقص 2,Al Maeaqas Subdivision2,2,215005
215005009,المبني الجنوبي,South Building,2,215005
215005010,مخطط ربوة المعقص,Rabwat Al Maeaqas Subdivision,2,215005
215005016,البارك,Al Bark,2,215005
215005017,المبني الشمالي,North Building,2,215005
215005018,نمرة,Namaruh,2,215005
215005019,مخطط الحمراني,South Namrah Subdivision,2,215005
210001011,السلم,Al Sulam,2,210001
210001012,الجدر الغربي,Al Judr Al Gharbi,2,210001
202001055,الملعب,Al Maleab,2,202001
202001056,اكتان,Aktan,2,202001
202001057,الرحاب,Ar Rehab,2,202001
210001013,المركز الحضري القديم,Old Urban Center,2,210001
210001014,وادي رانية 2,Wadi Rania 2,2,210001
210001015,ملهي,Mulhi,2,210001
210001018,الرويضة,Ar Ruwaida,2,210001
210001019,النزهة,An Nuzhah,2,210001
210001020,امتداد الشمال,North Extension,2,210001
210001021,الملحة 2,Al Muliha 2,2,210001
210001022,الضرم,Al Daram,2,210001
210001023,مهبط,Mahbit,2,210001
210001024,النطوف,Al Nutuf,2,210001
210001016,المخطط الشمالي,Northern Scheme,2,210001
210001017,العزيزية,Al Aziziyah,2,210001
210001025,كويكب,Kuaykib,2,210001
202001117,بدر,Badr,2,202001
202001118,أم ثمام,Umm Thamam,2,202001
202001119,العرفاء الغربية,Western Al Urafa,2,202001
202001143,منتزة الطائف الوطني بسيسد,Taif National Park in Sisad,2,202001
210001026,الشريانية,Al Shiryania,2,210001
210001029,الجدر الشرقي,Al Judr Al Sharqiu,2,210001
209001005,الروضة,Ar Rawdah,2,209001
209001006,أم راكة,Umm Rakah,2,209001
209001007,حي ج4,Dst C4,2,209001
209001008,حي ج3,Dst C3,2,209001
209001009,الخليج,Al Khalij,2,209001
209001011,الناصرية,An Nasriyah,2,209001
209001012,الخالدية,Al Khalidiyah,2,209001
209001013,الحزم,Al Hazm,2,209001
209001010,جبار,Jabaar,2,209001
209001004,الصمله,As Samluh,2,209001
209001002,النزهة,An Nuzhah,2,209001
209001003,السوق القديم,As Suq Al Qadim,2,209001
209001001,المرافق الحكومية,Government Facilities,2,209001
202001144,جامعة الطائف الجديدة,New Taif University,2,202001
202001145,الحجيرة,Al Hujayra,2,202001
202001146,قنة وقدان,Qanat and Qdan,2,202001
209001014,الدغمية 1,Al Dughmih 1,2,209001
209001015,المحمدية,Al Muhammadiyah,2,209001
209001016,أم حشانة,Umm Hashana,2,209001
209001018,المعيزيلة,Al Maizialah,2,209001
209001017,الهجرة,Al Hijrah,2,209001
209001019,حي ج1,Dst C1,2,209001
209001020,الدغمية 2,Al Dughmih 2,2,209001
209001021,حي ج2,Dst 2C,2,209001
215005004,مخطط البخرة,Al Bakhra Subdivision,2,215005
215005005,مخطط المعقص,Al Maeaqas Subdivision,2,215005
202001058,الأخباب,Al Akhbab,2,202001
202001059,الحرس الوطني,National Guard,2,202001
202001060,البيهيتة,Al Bihita,2,202001
202001120,أم الرصف,Umm Al Rasf,2,202001
211001023,عثواء,Euthawa',2,211001
211001024,قلعة شنقل,Qaleat Shanqal,2,211001
211001012,الإسكان,Al Iskan,2,211001
211001001,ضاحية القويعية,Dahiyat Al-Quway'iyah,2,211001
211001002,ضاحية الحائرية,Dahiyat Ha'iriyah,2,211001
202001121,العزيزية,Al Aziziyah,2,202001
202001122,جبرة,Jabrah,2,202001
202001123,العقيق,Al Aqiq,2,202001
202001124,غرناطة,Ghirnatah,2,202001
211001003,اللبط,Al Labt,2,211001
211001004,النسيم,Al Naseem,2,211001
211001005,العلاوة الغربية,Western Al Eilawah,2,211001
211001006,السليمانية,As Sulaymaniyah,2,211001
211001007,الخالدية,Al Khalidiyah,2,211001
211001008,النهضة,An Nahdah,2,211001
211001009,مزارع حمدان,Hamdan Farms,2,211001
202001147,القلت,Al Qult,2,202001
202001148,خد الحاج,Khada Al Haji,2,202001
211001010,مزارع بن خشمان,Bin Khashman Farms,2,211001
211001011,الصناعية,Industrial,2,211001
211001013,النزهة,An Nuzhah,2,211001
211001014,العزيزية,Al Aziziyah,2,211001
211001015,العلاوة الشرقية,Eastern Al Eilawah,2,211001
211001016,العدل,Al Adel,2,211001
211001017,الورود,Al Wurud,2,211001
202001149,وادي جليل,Wadi Jalil,2,202001
202001014,وادي محرم الأعلي,Wadi Muharam Al Aaela,2,202001
202001015,الشقرة,Ash Shuqra,2,202001
202001016,التحلية,At Tahliyah,2,202001
202001017,سمنان,Semnan,2,202001
211001018,الجامعة,Al Jamiah,2,211001
211001019,الروابي,Ar Rawabi,2,211001
211001020,القديم,Al Qadim,2,211001
211001021,السلام,As Salam,2,211001
211001022,ريحان,Rayhan,2,211001
215241001,ال مطاع,Al Mataa,2,215241
202001046,الصيانة,Al Siana,2,202001
202001106,عودة,Awdah ,2,202001
202001107,حوايا الجنوبية,Huwaya Al Janoubiyah ,2,202001
202001018,الروضة,Ar Rawdah,2,202001
202001019,واحة التقنية,Technology Oasis,2,202001
202001020,الخضيرة,Hadera ,2,202001
215241002,الروحاء,Al Rawhaa,2,215241
215241003,الحديقة,Al Hadiqah,2,215241
215241004,مخطط الخدمات,Service Subdivision,2,215241
215241005,مشرف,Mishrif,2,215241
215241006,مخشوشة,Makhshusha,2,215241
215241013,بادي,Bady,2,215241
215241014,ال حيالله,Al Hayallah,2,215241
215241015,مخطط زهرة نخال الشمالي,Zahrat Nikhaal Al Shamali Subdivision,2,215241
215241016,مخطط غدنة,Ghadna Subdivision,2,215241
215241017,غدنة,Ghudna,2,215241
215241018,شمران,Shamran,2,215241
202001108,أم العراد,Umm Alarad ,2,202001
202001132,عكرمة,Eikrima,2,202001
202001133,غدير البنات,Ghadeer Al Banat,2,202001
202001021,بن سويلم,Ben Swailem,2,202001
202001022,الخمايل,Al Khamayel,2,202001
202001023,الثابتية,Al Thaabitia,2,202001
202001024,حطين,Hittin,2,202001
215241007,العسيلة,Al Usaylah,2,215241
215241008,ال طارق,Al Tariq,2,215241
215241009,نقمة,Niqma,2,215241
215241010,بلدة ثريبان,Thiriban Town,2,215241
215241011,نخال,Nakhal,2,215241
215241012,القفيلة,Al Qafila,2,215241
215241019,السواد,Al Sawad,2,215241
215241020,الظهرة,Adh Dhahrah,2,215241
215241021,مخطط زهرة نخال,Zahrat Nakhaal Subdivision,2,215241
202001134,الاخاضر,Al Akhadir,2,202001
202001135,وادي الشرب,Wadi Al Shurb,2,202001
202001151,العارمية,Al Armiya,2,202001
202001047,السداد,As Sadad,2,202001
202001025,الصخيرة,As Sukhayrah,2,202001
202001026,المعترض,Al Muutarid,2,202001
202001002,ضاحية العرفاء,Dahiyat Al Arfa,2,202001
208003001,العارض,Al Arid,2,208003
208003002,أم الخلصة,Umm Al Khalsa,2,208003
208003003,المستشفى,The Hospital,2,208003
208003004,الشقوق,Ash Shuquq,2,208003
208003005,المجامر,Al Majamir,2,208003
208003006,الجذيما,Al Jadhima,2,208003